answer;pergunta;resposta
Skanska;Qual empresa de construção é conhecida por sua expertise em projetos de infraestrutura?;
PCL Construction, Tutor Perini;Quais empresas estão associadas à construção de grandes projetos em países como os Estados Unidos e Canadá?;
Sumitomo Mitsui Construction;Qual empresa japonesa é reconhecida por sua participação significativa no setor de engenharia e construção?;
Skanska, MT Højgaard;Quais empresas estão ligadas à construção em países nórdicos como Suécia e Noruega?;
Samsung Engineering;Qual empresa coreana é líder no setor de engenharia e construção internacional?;
PCL Construction, Tutor Perini;Quais empresas são conhecidas por sua atuação em projetos de construção na América do Norte?;
Técnicas Reunidas;Qual empresa espanhola é destacada no setor de engenharia e construção?;
Sumitomo Mitsui Construction, Samsung Engineering;Quais empresas estão associadas à construção em países asiáticos como China e Japão?;
Skanska, MT Højgaard;Qual empresa sueca é conhecida por sua expertise em projetos de construção complexos?;
Skanska, Samsung Engineering, Tutor Perini;Quais empresas são reconhecidas por sua participação em projetos de infraestrutura global?;
